experiment,method,n,encoding,runs,sat_runs,license_limit_runs,timeout_runs,median_total_time,min_total_time,max_total_time
sat_encodings,sat,8,bitwise,5,5,0,0,0.0013405000026978087,0.0013184999988880008,0.0013545000001613516
sat_encodings,sat,8,pairwise,5,5,0,0,0.0010188999985984992,0.001010899999528192,0.0011002000028383918
sat_encodings,sat,8,seqcounter,5,5,0,0,0.0015427999969688244,0.0012848000005760696,0.001735599998937687
sat_encodings,sat,16,bitwise,5,5,0,0,0.10418349999963539,0.10295019999830402,0.10774179999862099
sat_encodings,sat,16,pairwise,5,5,0,0,0.01583839999875636,0.015611799997714115,0.016088000000308966
sat_encodings,sat,16,seqcounter,5,5,0,0,0.008638700001029065,0.008378099999390543,0.009031099998537684
sat_encodings,sat,32,bitwise,5,5,0,0,15.786031799998455,15.589380500001425,15.86135849999846
sat_encodings,sat,32,pairwise,5,5,0,0,0.07486660000358825,0.07398289999764529,0.08304559999669436
sat_encodings,sat,32,seqcounter,5,5,0,0,0.47277089999988675,0.46447620000253664,0.48583979999966687
sat_encodings,sat,64,bitwise,3,3,0,0,6.291882199999236,6.237995799998316,6.3061627999959455
sat_encodings,sat,64,pairwise,3,3,0,0,0.6018060000023979,0.596317800001998,0.6662099999994098
sat_encodings,sat,64,seqcounter,3,3,0,0,10.234244999999646,10.184781199997815,10.446674900002108
solver_comparison,cp_sat,8,,1,1,0,0,0.036458000002312474,0.036458000002312474,0.036458000002312474
solver_comparison,cplex_cp,8,,1,1,0,0,0.053713699999207165,0.053713699999207165,0.053713699999207165
solver_comparison,cplex_mip,8,,1,1,0,0,0.03595060000225203,0.03595060000225203,0.03595060000225203
solver_comparison,gurobi_mip,8,,1,1,0,0,0.005336600002920022,0.005336600002920022,0.005336600002920022
solver_comparison,sat,8,bitwise,1,1,0,0,0.003736100003152387,0.003736100003152387,0.003736100003152387
solver_comparison,cp_sat,16,,1,1,0,0,0.07580959999904735,0.07580959999904735,0.07580959999904735
solver_comparison,cplex_cp,16,,1,1,0,0,0.05405860000246321,0.05405860000246321,0.05405860000246321
solver_comparison,cplex_mip,16,,1,1,0,0,0.04518110000208253,0.04518110000208253,0.04518110000208253
solver_comparison,gurobi_mip,16,,1,1,0,0,0.04518399999869871,0.04518399999869871,0.04518399999869871
solver_comparison,sat,16,bitwise,1,1,0,0,0.24854620000041905,0.24854620000041905,0.24854620000041905
solver_comparison,cp_sat,24,,1,1,0,0,0.12010949999967124,0.12010949999967124,0.12010949999967124
solver_comparison,cplex_cp,24,,1,1,0,0,0.05556470000374247,0.05556470000374247,0.05556470000374247
solver_comparison,cplex_mip,24,,1,1,0,0,0.05742190000091796,0.05742190000091796,0.05742190000091796
solver_comparison,gurobi_mip,24,,1,1,0,0,0.014279699997132411,0.014279699997132411,0.014279699997132411
solver_comparison,sat,24,bitwise,1,1,0,0,16.57085719999668,16.57085719999668,16.57085719999668
solver_comparison,cp_sat,31,,1,1,0,0,0.19700399999783258,0.19700399999783258,0.19700399999783258
solver_comparison,cplex_cp,31,,1,1,0,0,0.05958020000252873,0.05958020000252873,0.05958020000252873
solver_comparison,cplex_mip,31,,1,1,0,0,0.07270219999918481,0.07270219999918481,0.07270219999918481
solver_comparison,gurobi_mip,31,,1,1,0,0,0.0770544000006339,0.0770544000006339,0.0770544000006339
solver_comparison,sat,31,bitwise,1,1,0,0,9.597957300000417,9.597957300000417,9.597957300000417
solver_comparison,cp_sat,32,,1,1,0,0,0.2000225000010687,0.2000225000010687,0.2000225000010687
solver_comparison,cplex_cp,32,,1,1,0,0,0.05931870000131312,0.05931870000131312,0.05931870000131312
solver_comparison,cplex_mip,32,,1,0,1,0,,,
solver_comparison,gurobi_mip,32,,1,1,0,0,0.08101019999958226,0.08101019999958226,0.08101019999958226
solver_comparison,sat,32,bitwise,1,1,0,0,51.0416006000014,51.0416006000014,51.0416006000014
solver_comparison,cp_sat,44,,1,1,0,0,0.3600533999997424,0.3600533999997424,0.3600533999997424
solver_comparison,cplex_cp,44,,1,1,0,0,0.061620499996934086,0.061620499996934086,0.061620499996934086
solver_comparison,cplex_mip,44,,1,0,1,0,,,
solver_comparison,gurobi_mip,44,,1,1,0,0,0.16355079999993904,0.16355079999993904,0.16355079999993904
solver_comparison,sat,44,bitwise,1,1,0,0,266.8932878000014,266.8932878000014,266.8932878000014
solver_comparison,cp_sat,45,,1,1,0,0,0.40905280000151834,0.40905280000151834,0.40905280000151834
solver_comparison,cplex_cp,45,,1,1,0,0,0.06632249999893247,0.06632249999893247,0.06632249999893247
solver_comparison,cplex_mip,45,,1,0,1,0,,,
solver_comparison,gurobi_mip,45,,1,0,1,0,,,
solver_comparison,sat,45,bitwise,1,1,0,0,51.76522489999843,51.76522489999843,51.76522489999843
solver_comparison,cp_sat,64,,1,1,0,0,0.8365534999975353,0.8365534999975353,0.8365534999975353
solver_comparison,cplex_cp,64,,1,1,0,0,0.06676289999813889,0.06676289999813889,0.06676289999813889
solver_comparison,cplex_mip,64,,1,0,1,0,,,
solver_comparison,gurobi_mip,64,,1,0,1,0,,,
solver_comparison,sat,64,bitwise,1,1,0,0,21.49293790000229,21.49293790000229,21.49293790000229
solver_comparison,cp_sat,100,,1,1,0,0,2.4494072000015876,2.4494072000015876,2.4494072000015876
solver_comparison,cplex_cp,100,,1,1,0,0,0.07313600000270526,0.07313600000270526,0.07313600000270526
solver_comparison,cplex_mip,100,,1,0,1,0,,,
solver_comparison,gurobi_mip,100,,1,0,1,0,,,
solver_comparison,sat,100,bitwise,1,1,0,0,6.556649799997103,6.556649799997103,6.556649799997103
solver_comparison,cp_sat,128,,1,1,0,0,4.447702899997239,4.447702899997239,4.447702899997239
solver_comparison,cplex_cp,128,,1,1,0,0,0.0777927000017371,0.0777927000017371,0.0777927000017371
solver_comparison,cplex_mip,128,,1,0,1,0,,,
solver_comparison,gurobi_mip,128,,1,0,1,0,,,
solver_comparison,sat,128,bitwise,1,1,0,0,3.2310928999977477,3.2310928999977477,3.2310928999977477
